"","Df","SumOfSqs","R2","F","Pr(>F)"
"Model",1,0.0409450288766078,0.0103792597672926,1.10125246092705,0.341
"Residual",105,3.90394408601336,0.989620740232707,NA,NA
"Total",106,3.94488911488997,1,NA,NA
