"","expl_vars","SeIF"
"1","tot_herbs",1.44251116513515
"2","shrub",1.10463416962648
"3","trees",1.03432017603888
"4","bare_soil",1.20773172541852
"5","mineral",1.18797633980273
