"","expl_vars","SeIF"
"1","mg",1.11041822910292
"2","k",1.26283140035449
"3","cond",1.17523484144083
"4","mo",1.29465102888149
"5","cn",1.05381126817103
"6","arena",1.12998425062529
